url_path,views_total,views_unique
/CBICA/DLMUSE,18,10
/CBICA/DLMUSE/pulls,2,2
/CBICA/DLMUSE/tree/main/DLMUSE,2,2
/CBICA/DLMUSE/blob/main/DLMUSE/__main__.py,2,1
/CBICA/DLMUSE/blob/main/DLMUSE/nnunet_preprocessed/Dataset903_Task903_DLMUSEV2/dataset_fingerprint.json,1,1
/CBICA/DLMUSE/blob/main/DLMUSE/nnunet_preprocessed/Dataset903_Task903_DLMUSEV2/dataset.json,1,1
/CBICA/DLMUSE/blob/main/DLMUSE/utils.py,1,1
/CBICA/DLMUSE/blob/main/README.md,1,1
/CBICA/DLMUSE/blob/main/requirements.txt,1,1
/CBICA/DLMUSE/blob/main/setup.py,1,1
